Column size in KB,Data type,Time in ns
8.38861e+06,int8,439692128
8.38861e+06,int8,491514115
8.38861e+06,int64,262025714
8.38861e+06,int64,263162378
