Column size in KB,Data type,Time in ns
8.38861e+06,int8,1255272723
8.38861e+06,int8,1314531266
8.38861e+06,int64,758905214
8.38861e+06,int64,757677625
