Column size in KB,Data type,Time in ns
8.38861e+06,int8,741360026
8.38861e+06,int8,741831850
8.38861e+06,int64,745806179
8.38861e+06,int64,741363014
