Column size in KB,Data type,Time in ns
8.38861e+06,int8,834492572
8.38861e+06,int8,829165855
8.38861e+06,int64,729198629
8.38861e+06,int64,728820309
