Column size in KB,Data type,Time in ns
8.38861e+06,int8,1123953754
8.38861e+06,int8,1123931158
8.38861e+06,int64,650840718
8.38861e+06,int64,658581625
