Column size in KB,Data type,Time in ns
8.38861e+06,int8,354042350
8.38861e+06,int8,339315555
8.38861e+06,int64,78816164
8.38861e+06,int64,78684982
