Column size in KB,Data type,Time in ns
8.38861e+06,int8,611796382
8.38861e+06,int8,612419638
8.38861e+06,int64,353694902
8.38861e+06,int64,337231301
