Column size in KB,Data type,Time in ns
8.38861e+06,int8,1803507936
8.38861e+06,int8,1841827100
8.38861e+06,int64,739672243
8.38861e+06,int64,769644522
