Column size in KB,Data type,Time in ns
8.38861e+06,int8,737868386
8.38861e+06,int8,733381963
8.38861e+06,int64,737266554
8.38861e+06,int64,734200632
