Column size in KB,Data type,Time in ns
8.38861e+06,int8,886502106
8.38861e+06,int8,882943453
8.38861e+06,int64,738992244
8.38861e+06,int64,735066296
