Column size in KB,Data type,Time in ns
8.38861e+06,int8,518156350
8.38861e+06,int8,523113039
8.38861e+06,int64,101959181
8.38861e+06,int64,104804230
