Column size in KB,Data type,Time in ns
8.38861e+06,int8,324680380
8.38861e+06,int8,325880238
8.38861e+06,int64,87695741
8.38861e+06,int64,85957216
