Column size in KB,Data type,Time in ns
8.38861e+06,int8,435313560
8.38861e+06,int8,421450015
8.38861e+06,int64,174713525
8.38861e+06,int64,172552497
