Column size in KB,Data type,Time in ns
8.38861e+06,int8,3093150856
8.38861e+06,int8,3092859073
8.38861e+06,int64,738558513
8.38861e+06,int64,738777846
