Column size in KB,Data type,Time in ns
8.38861e+06,int8,349500696
8.38861e+06,int8,352951026
8.38861e+06,int64,78380349
8.38861e+06,int64,76579064
