Column size in KB,Data type,Time in ns
8.38861e+06,int8,3689944288
8.38861e+06,int8,3683334770
8.38861e+06,int64,1027762198
8.38861e+06,int64,1034213075
